{
  "basket_18inx18inx12iin": {
    "r": 0.21599999999999997,
    "y": 0.012581419199705124
  },
  "basket_18inx18inx12iin_bamboo": {
    "r": 0.21599999999999997,
    "y": 0.012581389397382736
  },
  "basket_18inx18inx12iin_plastic_lattice": {
    "r": 0.21599999999999997,
    "y": 0.01258130557835102
  },
  "basket_18inx18inx12iin_wicker": {
    "r": 0.21599999999999997,
    "y": 0.012581298127770424
  },
  "basket_18inx18inx12iin_wood_mesh": {
    "r": 0.21599999999999997,
    "y": 0.012581566348671913
  },
  "box_18inx18inx12in_cardboard": {
    "r": 0.21599999999999997,
    "y": 0.029122713953256607
  },
  "box_24inx18inx12in_cherry": {
    "r": 0.018000000000000002,
    "y": 0.03194986656308174
  },
  "box_tapered_beech": {
    "r": 0.07200000000000001,
    "y": 0.02341448701918125
  },
  "box_tapered_white_mesh": {
    "r": 0.07200000000000001,
    "y": 0.023410601541399956
  },
  "round_bowl_large_metal_perf": {
    "r": 0.41400000000000015,
    "y": 0.049170274287462234
  },
  "round_bowl_large_padauk": {
    "r": 0.41400000000000015,
    "y": 0.049192555248737335
  },
  "round_bowl_large_thin": {
    "r": 0.41400000000000015,
    "y": 0.04629632085561752
  },
  "round_bowl_small_beech": {
    "r": 0.14400000000000002,
    "y": 0.10270026326179504
  },
  "round_bowl_small_walnut": {
    "r": 0.14400000000000002,
    "y": 0.1027032881975174
  },
  "round_bowl_talll_wenge": {
    "r": 0.018000000000000002,
    "y": 0.0375530906021595
  },
  "shallow_basket_white_mesh": {
    "r": 0.19799999999999998,
    "y": 0.012211848981678486
  },
  "shallow_basket_wicker": {
    "r": 0.19799999999999998,
    "y": 0.012211852706968784
  }
}