{
  "basket_18inx18inx12iin": {
    "r": 0.10800000000000001,
    "y": 0.006285789422690868
  },
  "basket_18inx18inx12iin_bamboo": {
    "r": 0.10800000000000001,
    "y": 0.006285778246819973
  },
  "basket_18inx18inx12iin_plastic_lattice": {
    "r": 0.10800000000000001,
    "y": 0.006285788491368294
  },
  "basket_18inx18inx12iin_wicker": {
    "r": 0.10800000000000001,
    "y": 0.0062857335433363914
  },
  "basket_18inx18inx12iin_wood_mesh": {
    "r": 0.10800000000000001,
    "y": 0.006285767070949078
  },
  "box_18inx18inx12in_cardboard": {
    "r": 0.10800000000000001,
    "y": 0.014560616575181484
  },
  "box_24inx18inx12in_cherry": {
    "r": 0.018000000000000002,
    "y": 0.0159803107380867
  },
  "box_tapered_beech": {
    "r": 0.036000000000000004,
    "y": 0.011706461198627949
  },
  "box_tapered_white_mesh": {
    "r": 0.036000000000000004,
    "y": 0.011707178317010403
  },
  "round_bowl_large_metal_perf": {
    "r": 0.21599999999999997,
    "y": 0.024122798815369606
  },
  "round_bowl_large_padauk": {
    "r": 0.21599999999999997,
    "y": 0.02412487007677555
  },
  "round_bowl_large_thin": {
    "r": 0.21599999999999997,
    "y": 0.02268311008810997
  },
  "round_bowl_small_beech": {
    "r": 0.14400000000000002,
    "y": 0.05091313645243645
  },
  "round_bowl_small_walnut": {
    "r": 0.14400000000000002,
    "y": 0.05089888349175453
  },
  "round_bowl_talll_wenge": {
    "r": 0.018000000000000002,
    "y": 0.018786394968628883
  },
  "shallow_basket_white_mesh": {
    "r": 0.10800000000000001,
    "y": 0.006106075365096331
  },
  "shallow_basket_wicker": {
    "r": 0.10800000000000001,
    "y": 0.006106148008257151
  },
  "shoebox_fused": {
    "r": 0.07225619999999999,
    "y": 0.01
  }
}