{
  "1": {
    "0": {
      "x": 6.415788650512695,
      "y": 0.0,
      "z": -2.837161064147949
    },
    "1": {
      "x": 6.415788650512695,
      "y": 0.0,
      "z": -2.837161064147949
    },
    "2": {
      "x": 6.415788650512695,
      "y": 0.0,
      "z": -2.837161064147949
    }
  },
  "2": {
    "0": {
      "x": 0.24635601043701172,
      "y": 0.0,
      "z": -2.4254207611083984
    },
    "1": {
      "x": 0.24635601043701172,
      "y": 0.0,
      "z": -2.4254207611083984
    },
    "2": {
      "x": 0.24635601043701172,
      "y": 0.0,
      "z": -2.4254207611083984
    }
  },
  "4": {
    "0": {
      "x": 5.738441705703735,
      "y": 0.0,
      "z": 0.5455989837646484
    },
    "1": {
      "x": 5.738441705703735,
      "y": 0.0,
      "z": 0.04559898376464844
    },
    "2": {
      "x": 5.238441705703735,
      "y": 0.0,
      "z": 0.04559898376464844
    }
  },
  "5": {
    "0": {
      "x": 3.1697981357574463,
      "y": 0.0,
      "z": 1.9889569282531738
    },
    "1": {
      "x": 3.1697981357574463,
      "y": 0.0,
      "z": 2.738956928253174
    },
    "2": {
      "x": 3.1697981357574463,
      "y": 0.0,
      "z": 2.738956928253174
    }
  }
}